passengerid,hashed
1,48635463943209834798109814161294753926839975257569795305637098542720658922315
2,96094161643976066833367867971426158458230048495430276217795328666133331159861
3,35293215426786447154857697798367884701614677727176325092965345248689205321678
4,33984360982413536682390860969296307922929415152052354251133793603654468157322
5,108182406554699997314868250957730053259073589402365819770572592736584172823453
6,104920238006865337205013407090248200170018306865343388364051008767965015414403
7,54734117258892461880478870895348100103198302433611928089023761078319507514449
8,20075373234943686845167158285967784892467090849631486320124245130906619831459
9,11463511883541201508393500803711559652562721115888819482889049505863143503287
10,33592815351635838866227505544683417564162321228075154218315436012476449103317
11,36086382269012570414081057885610197198624807447239154225720840125343131365048
12,48542053925442562206970678378617219313498267117402160926478466274825158240536
13,28883776514293686205974736560481993689319284820030920089116394094945705779832
14,60227679323494732845079296800676036207500808522664099213572118347332946861665
15,104106124079444489401234144366816756749130613637798248135653762626327064447963
16,80283700410109442895443923996515124100017195164941306832535727414324507872473
17,31272006352818487860575454286046758918581076444685961675641400200272101685731
18,35636157012003773287358551729976022692587201728035380794864775897295160791370
19,66943969713086776032173464195394550745560523545004192271047021628614662158183
20,111173944174536807762032075597619344951712520004199781046240639195575158906923
21,50339944187942351215260199271802340824538591744877537036933672380566647403587
22,54445825599218148801662291292700338779623979835767037943086757810490820123913
23,37710942251983815949906304365303770927188157976721366393499367073691635087248
24,87843000942654739416790862908851944946087349408853794374923081877917692795355
25,83065501960078139073241228247522869445681663391659423428962806080829970134377
26,43245864246510675257312248132617625559829538603954510829955139939433940403402
27,46599609926519951514536170474558493522508262075750360195511329901412511046831
28,40654426461387431593023896448597934904317945932538746522277789984804865638746
29,24006776820959677826757186011992821152709726811867019940121199375371192943704
30,44459840584585802038262545690145476463500946356904536148058208774440558171124
31,106346883090486007554859558812894706198819158476937647836538070156041430344975
32,102499409242696708977622367173532599973197161335174963053596431290206366514027
33,89988477317731694815291166433592156776915916546014687672045639479842394040468
34,61014538568506221588868294043973711669514098560329658103961376235728675065327
35,71953096121200381858190606868033578978002462554343674489942508713932245649747
36,53664504774924351491991603765403894932457411954290347412163229263307559940713
37,55354802391511719852894226288413968979289953180265710356398637431751041231653
38,79001261933787772368616944061130683375801671526289302723479720265264640619632
39,5232581527863235096587321474292674180630556774295345035650804382406877176825
40,96623226002312117640064572380016314793019867374931142139663320057637203005699
41,27847825796711171464001666238621913202136387921334726706196704264432358724825
42,52142063543217935108392605932536905068334213121597159393376024684286053089353
43,31116737689113830797775449217539720151639673109892773816319589573338386133306
44,51532342126605892451036859093017432795479768242875136879680246553720312693974
45,58389924450645778082546233815860208589650836378552729206924268016304256979052
46,17180920517768564193602105976469628840736958596777720335730715331057267464972
47,22291538762923226513265576472783919817176064204485204039131735050091667121687
48,68753401605353110078238639055187483074027755683429797128641564641039028845937
49,6374527399298669970873680942153226434000226875684672420511088035423137128223
50,11939264388858547891009269270198014504822961525589029110288726800772165498091
51,1405160753600365600195505405766382654570905047930113769328354860546818513834
52,29767403295820493997185306260167758811577382189692377653751571408048498335837
53,18249520504434384915712808236098416667995843345780004845844072416167851943209
54,21615968839145228424412936857425706338112768166214974523145506474103902444142
55,1275744608702645718016029415627853277449873223429799045431245273052382872252
56,53614469903568381954895484647078064721637087681956571798103467767734646638694
57,90560440707324731827885523896906881822107052746268088179500501399811411495508
58,44342443872019799134758405251467507629467128593827537269335181370739279513558
59,28097440699384448513649066561418537266029767027745220530598958277181789167964
60,26224639829896529761385094819731236001458824489353167173098962025757722771657
61,94155240251023205383995739036572322570066671892413333636472930083797906263324
62,58674563321050502256760623807902680076756782504263818101963982945679977125002
63,98743137601974874871370438241797747441195027689132108581922579482727376670236
64,75329974413580837967877368434732067503010956046687481551060153978419661925403
65,7485422602663877806304229263750206121504279673235838313096821432125553287247
66,26620332071894918181543005365761258030749426457641997779997397538985897748066
67,33388998795038427420475607028926877894966588125351965768703617492747989313992
68,73317678326677720460975000438438844485293975660579416087033648968843949427647
69,90174065797477896565945743697842970841332853049968384169691123349391203064516
70,115498978110963932176118829139023262262206604512384958857081729187785770018058
71,57504383235429932706291523259696109121222568932929194084818536524114320792552
72,61122979470848868008164111394333967456381082440298042956546011501341844766430
73,67857739384281294460245844386457521988992897195662433189986810193716889458788
74,106467206995428147153125700254827268047107686010431725635598303997943403329850
75,110098945922135770093371413366234124678070882017411320893761886785829243652268
76,111860818255495528814228473632549114168280605051697038382048205737663236954496
77,76233218643566904083468434322718333157003368985527696781031452495536856113011
78,23796345747550214377717005649229850198966069394223891852811635967782592286185
79,69040732603356275802083384081062680791988300330199967817392082852408474502986
80,32687734123912767567681434669951543305695221057823685770600586819644567919356
81,37582231985361610354563772497425471071117082873552625067009514691097881990449
82,74374042614883394759836000158598522021570623882377203614473220398230323640888
83,84910071079903469711540322182995519010752598753241787550350295165653577042301
84,31110664595292784664073794131056683928705188462813820801817168795005781138025
85,81678333661184860667501742782132975374199987651508662948848216606260143807692
86,30440313453205861495994419096272784385615385574477278885226362332070722538966
87,85859627258455813487359602166483471489963542807945261756908487615153043443650
88,63133061492101748244134654053661692434668496335783275157273917761810939925321
89,92923336480009818502852626599079684629980168000188168533530248942026546803802
90,47926804362240535749683575352099529751217947478076647689801477726252990609251
91,13408792538269322917269344904044210091510275045971070124992312854527490779656
92,58916209594711962765663578217515022488729030841277001400393418352934686160509
93,49867502100598336514716460740718278912960818301066459309076777971158716996173
94,103054480367494501036785913367850361133784988170173435162845488521547799659813
95,78379099870642210244435818928583332780973066712010568734657863392615298703272
96,55680691432362398888512032275344546151217752894562231009164987647297083696580
97,97176841655449438766832834557373888968610255834370090508553827477516649803921
98,18931851910712087864126791938371782697992539708007084641297598096733072550503
99,63378683379343486658036559982124332643875891444635120907905977641468846715989
100,78404214008322108227607826260445870227552170126981850581595494962414377816838
101,10339965452360368914245468146848646992560410324856379540055397702832927297092
102,25109210146589682445832420530448825208136816940064540507666961693959124612833
103,31349855385499378011467039409036335634637239282227516869619829656720397940123
104,42953804841759946083753361423281699305491136538559792153770624365330418835167
105,8289889177150041126644869703749264395244907739285284671535625668815484217440
106,32647071600153795334873725904060805398728046572234588636085174006075923833708
107,23193309862394186725287287573425311130323845810658832502995787951222254591021
108,67493469412983332385262232290069646858800716589794128064172658976848883429393
109,7159562792243225418334052909846258736350731899402035255876801149120552363673
110,70495727555889057345431265572396022414357745410264219120479081284059326619123
111,111665851786244361698088944907187736187839118169386049937096987550478469304750
112,80210314804085434453312387988538431089141059141907303952646329437804826382383
113,49029225509934586933612756415162334957194457314228142079666444370478302770635
114,71973604316897536285082202913284402091787129101071810081052353828706926837206
115,18479286318845171258277903805109270653857642486872926279823774680656305830932
116,103905416153051153966222658313242377225439189869384833454241926656591129727117
117,19351342031775554191682953800716934411065022182249906025902797436189247620819
118,60543992331691159448341450219025551468444927011549208974419782715637439615758
119,21811283293327030113747836863912478138168823621098987235834793360239009198104
120,19327169317269282520947458917020994056140786556348154067800862951514220422263
121,62267433681800112612101635363626826419568759603522072297551777254201359784196
122,12608243112755606640715926866690442476109221766298577927961516730516763768523
123,75263518707598184987916378021939673586055614731957507592904438851787542395619
124,48397218670886788610224637247004153766176631519509693209216327256965664150663
125,7037263632080426530783728705150300517420025713391345918311324252690282081383
126,45977954178776206434642677558449986986396596678757184358295427395401232199812
127,66116254543470691650247912411135693377091921083225766529136696547945869164620
128,17766915623520498780108002693596883001818004536214419537925794425249250564168
129,45864058052211852446078213271433400159979790619554991338595667884830473301468
130,25708381142315786536562075483490421647454718952423910122081246934130849614959
131,108008368651109288081171650859326512913941287869812799203492935350053565514642
132,99370783733613987980498294432115840879335461405988183382459776303837559081206
133,95417715796572460345812152455140204811672603946358313095380129807910544241728
134,42165138270641566312061158536011614387740884530192907441961403118010391334083
135,8776043026139946693120005820991208805331208157661510955356392140927697581331
136,24841662833084176929774658594357606927566143121741882466195967732642601144941
137,97725515038233850404846580230424949416898526476998026200857499829001310280101
138,97084733846171325002957501713725740560866064262242350255344517001144723390519
139,63846303914219892006517418612417575178502402693475472620087233819248465667635
140,99364767768824614575663986063329205971529440596431326492098607409317678933355
141,20123204873910366771711313824951210066069831419915013553839942915432908909557
142,96311933275385824177055599068739074862456216653042278690907584596905169368091
143,97220367174044684539954093829218124032164710893412020372053251154277610719015
144,42859518965255431228378440619904115430999912944111651563979761151864968151024
145,86066087300203570756986688830666411819031339150137749407063305243451099290124
146,4683942115185856152739466095824284248376756794362902011786184157622446364916
147,13189079400383561433815618220368149075787046600947497009632898067476410680234
148,106828163509894085746978155329315176476477882204049245611741335798467242920410
149,2568390964900585637524306983364424274399986891285240726410614607793740878543
150,70056796365018160282479426947574616991915886458416786978626291497518374792315
151,64400111099716666301100530090712312577274325407468826900570295959764570641415
152,1894769934330570337248192907474228190386434907850931416689686510684890002218
153,44348939376800809344415538592182054077461656819579197988900752505973243567543
154,13143124256751103214827792323810783830426324768179940871691074273523065937830
155,14951467659593667516092710236441666485252109878014349675679127213110507649510
156,7203388154835234741923831783040350410526395721108436945349552296114327313876
157,90176135098845131175987731149633156812237597853457938788106401756441262982030
158,57374720877149234933352960803507220115814656123715352920331388060698911025098
159,115418921616091823422187031827790238845419022801749338320867498295825258393284
160,74664935804222515301534841171913996208676659928025138710437206944603903049921
161,84763691895390071919348249880114406014113405861052317472240654951183406678572
162,55109579337481607466632447301613459744293235515694894257362780308052977316693
163,27680357631534781569122333204284649066288896187185338382442084988522149549178
164,28764324016000045429131485337390301961473109992525376114452070634862151153263
165,85181224954943150287269294650341969941831897484423993869482184080661627886082
166,101742767802954150534051829796628435586546451117484850252472158623221399009668
167,52390450653810839948005782462545694220071553784570943076781811804415853872458
168,58241996406077837453006468637261199857479488479821468059494127117249384547012
169,111039910391367220489665538520156569433212298448498691683225758686681302597698
170,52152075544386679927562180271134022408708718372474018719934749901242026478399
171,18230141742374156990869775864512671337119844433881798353707165956933364931024
172,47184718014824101622369943280801734183757305140906467788931987968562338954398
173,33707181231787811188246256474648961024323102788280251675537218757294207494026
174,29805175583636006685658908481151366059278714684327686942225718652200995769646
175,98952684608236896872013565543558144901183947763806599633329648299763630665098
176,92106700547955412738510136896676847019330088211564914275291895759358685496417
177,63695395792570967409125557919900294082624725226966319001123929366861261177014
178,829130779018762439376820918306716506958987744359930376276356313092038974561
179,21895231612110146419189393344713700395317270657343449228371145965821545799543
180,55820810871015252226082823640070204094352321240634004690341899899195490087941
181,39817789537227651128006609680980020201308817454984311264028962923501942322650
182,86687502706127596171424093278584099803461982363855175721483448560267816317822
183,83534434187442978053333202186350328197783148577416727568271898129840555245889
184,37515616451545764388751786524749201430436652390916152419433141366039494097622
185,44160863547012357836852727400682668236879662220515154976210315044268528004749
186,18123353466294791007594616237561859708420166118984848785394162285154715125447
187,25645455565211364384449955409305608859269896558467345850950733003463779412440
188,96805742173055921187348415796267127232128618478103606439445600129737545327100
189,50782396835962348758392565958728439959721377437416936248167304855628897029939
190,16098105390040312818989174584468666979577505610380871348533480799468774078548
191,50726229341860254857828999306847006601544253854228042686666512942060736268098
192,106399324502421340752476371155457260989383886643909856147985426794254024538041
193,47181688154193734197231089481807577015653928602265664452349548065711766517090
194,53079248836548316599846781703043520277179538220653927999068529191501588350672
195,13560186687217714522699022021996728924597050558074277369347900619574405068957
196,81748288712122216187076518987258760823093608795407917879568032540040134778327
197,63231403430088347987191877011335901937204757892624990303754876482762422018733
198,74575174041054101367443714819019943726034145254379697271385384691155948009638
199,40810266768940220774785405324634574732494219695655774031561319299672429811453
200,17970357137427740308139203236257915297525884209548754872592781498078585335263
201,30572298901246200272836630854324287226469799025971847975786278886945589570384
202,87520511792672452926524539126727803708961362938202956707889164354525399814921
203,31721543143552411439335978528672471452189339479021659278513426924836951174465
204,114136303533441282383682568379459653459078275432365949076535064856371215189146
205,112400812624818050948415280916752859329050682528738203218119113377557200643472
206,42045455455165054255935342194158617108665503041527284787838802117829007785785
207,68073903245108115475100398194678844275398999373523380580551537774640066450186
208,64211524837124506405812414493160554000176213305963421372830698708334576064516
209,59691305948323486739314958234618872806368462857147718727834876065589754014516
210,95263669059195911978125539586975029199262819292221455773809499101452113906337
211,4163054995028552258444665509676011599042945042705318415419874625137952516536
212,113155035070743332947777283591909638604710959725266763094799136401636395142109
213,96144671880858527904514643934271487679959574540641297377107543224932749968859
214,57973015754236009571030751552686170613821922765903926892160849291212603121932
215,97878914732877400404796715496470280625036622488188550524419576352835959695153
216,6899771178439902630647924994468147828609640455688939386791471581864983660152
217,10281060653773797506572267490151631777822794184516352158223552147571431942648
218,40437247752294590612494769691070907867104584029416336575394034857678194977186
219,22302942933133745199383375560284618165238012391719783729455783884134042564104
220,24638784478603847979925575151356135648766425088982017066307010020320622439901
221,47001249272639590582763372436394219457752211744258718456803841122133235556658
222,70347161311420335676716809859534870458097517433371066957038441241495443650079
223,39331521292168882858474131580765182655790011544409441986852564055436955805596
224,59996889142384989131077792985014489016222568893294475318070623772067084894755
225,6511076473541739740657055499581424642012727266315461288021607659512913411688
226,64736205698944161470616117335911849572496499180907304946959010508641260389999
227,101272461082219794053893475443087575559805650373936156725893084683638835781754
228,71199070517896825498928043167062594189703387013372746128869435344803174893413
229,3747500452558983235127640410547464747620500484839381059432310492991767058295
230,72785129234055930330320312552080932520878081085491720804586939075074564787489
231,8844163502674330132014725580708389739959862484922957321641953152328138147278
232,59417952239469552948296268941219360626815487393479747937994543755299691004104
233,86986479516081238551110502848078233315975767920300462469386629984832714204198
234,7823276630736790276970542590726800597190240278072593694332148308244903414460
235,4603328395678300296192970330117221130906293121934403170952762246384496553869
236,69664315947656324471266927763644373802094855419711752706309504260261763853859
237,108887592968444952619347677565409164732249714180411955644498424256949694710847
238,62823354778254687364994416997009221090731276474439437352244507309702407783506
239,55067380495567424220172247562725433026163847425532341224282774456227248507259
240,48372673882759320324424398208836617211912411158713043193726008517585750034272
241,52750587842887678480527212421326031480576228968849272889851316372104991179706
242,9057234829444212803668588523163445584360405744379252376676759394628832008019
243,51683880244907088288221604445884453164020483570872226187933597706076676178488
244,59140104276758818283518739902563849090014026755396402864822653841950532452292
245,499956751207633769345423505362442616437727258530257286397226216988727459550
246,25220079228447526683424991557009608986286247271840268333021960479670887428514
247,25978837657354887231779385328519519432014480586627053290904890296418038968957
248,53564986461853158754652261125483111139274334294973203373592865030123997442359
249,72045406080741246558845159444404848836635782113961058335376280567183130433524
250,13695129929549800993246214403568297903374306811261983769446719597992630285947
251,90175009300540515025674335072210304332421368505377449400559105106392342685951
252,97200675959278045149418132017443845889175471609880624313091573672231245379377
253,104721797565236749140531768114443835595779442676140861821293475654006894131317
254,67427917872393075662283323495077973792574644655827965260744216414918155212707
255,67547834194560240930017684519941586799931075086827591524046325555588745919103
256,37048865342502949307934085508428012925823423931769542742265959864916154895698
257,34642570525527130297490334914317432499195471404035221916186017515239613010371
258,73754041943010319882991913345805882308289705720994562793558937691429708035761
259,56152461270478576731355863018787880689537636819833690682771959782265131415348
260,26113177987483073363645621750954604332772062393998888755327943706816731029573
261,105178020967050438102351965646760786158895601075591479388953154822608854331889
262,71653504968639413568056093206225424992074733006460736900388226119338811522471
263,34333821252095018357150098290041693693289180374623738207723184022585895319623
264,84874980409997492371578515629805530549329267093048015183738678931261146215095
265,53619425349402556971797347705890929940893596488851670136210944378141703658491
266,106002261122848782127430809886565322293286866406181562080503525579395722168890
267,62779855577749509105088285079241826453754870579425998680064332541267925501551
268,63001211000034755109738240489951469621509134892319385510539613466991244777850
269,111847651771286448391251442133291628482240383932849265846263498374605624537819
270,98069681636431806984237036181447432831848054305943268658989513102042221745582
271,24519703928353949301918981658842496284085398894195000070059903900849913294528
272,12855659982462430544417382507122981896488824715837186519184940706916643726320
273,21817992650410302520062671764115392872183990944387769813406757349438624104482
274,51339547811842170191744942389221583829751178563686241666092458402797474650182
275,26287116278498353383066258813087058291928469451244451912635488341206855196229
276,90199753574876076757700308868645948462254073371025896718546488742172144099231
277,18020251131279294629904863127927110879598780597205748493679988823239606137045
278,107825142181936502199279607832809568344803523771252334256144353882840192218479
279,108486914624717900008233699808509059631008610631197679384874746898195553303478
280,57461635371851347316866638893587448838472599699235524963094697994310415920421
281,51397139500653267960575145088334384058041326688639687923900077715338306468891
282,18038413366429696309468837349899595353642840507928783496929227995780901882589
283,101553140977662780563734269055111782104547583554316613070521985005907569335891
284,13754775375455489163791979283318966827665485216027197516821147597678930180825
285,72740152986314180390753200400906454457186149555171737169718674359655317172211
286,89314784586040526161857519195072211904965977134279285863185261572107394912
287,97610641887762109996403787001388231031655057743676585930334306643532945332822
288,16181392420739217164207892207300554116031555624260403356527701502863306611318
289,79197251271868198339768723849524439272419120726685912984155733255247354591751
290,4313521593353253275164659775368728430638508046099121864025162800314722251260
291,23211290948502898937883062752392685110596355760286049351294541959822049531969
292,49625290592266296268938799361038756920248251822457491396924191040751820557363
293,56409179550560993403491917292601909045064701590941583581191005461762704830201
294,20347982538067010146734154569902590824732719498836765320236110291041430799401
295,71008233955149617293933370297883341967124597741683238640914649790636496274385
296,72809467661776349579586366824153416162773711597972247511730975027373241068281
297,34414567622712476828175531527973166728642517267606129512975364600074768018006
298,53789639621480534605127291511856312087440957608491311927817816206791486068570
299,21951646229444476461759716064950899834022608935266541689819330137048955286461
300,68857274494126394083984120624472284567376575347069758119819506206936199955337
301,88615510351440892454083416441391540635693834094183557424772020366440411258833
302,109982976820217379216268506921791588054095395119897206914282335766552632876445
303,63256222625713367964734666777736037541909478893127540513146782105766504895936
304,97906109316003059008918644772097688295138857974865659759357357387931603924373
305,4094173573219711595937174258037370644101929240481642082040025500364434448110
306,25655038202734471724602085330193799768923009976559075939955456109832196819588
307,49569620507698505142668337640532952945941364721137934488329783487319933951480
308,32851763457921595768612147885342061132809161564243527121492042625886919700946
309,30656839013946172500940185390903660608395734917668727989112274803527102164382
310,15575576171402459522772566796219666026580286387358089019927598434088671888248
311,14887055116085061627986670818097232652381709836810782139577327483053460714358
312,60764014460187776502608796742039662372093899287915634801059848029599916437701
313,64673218643069788313416582587782892811414249019123036547278118152089201757407
314,52695142157357065253516921823417801813114363488405129079399826356059988277864
315,25094299076077591837533417539188431566414189971081564998860332054363012651674
316,55239045599760795080516265123186822799860399667727234013102818106497356772698
317,63830651394096179443855173265281916400216030621034343075793230439590520239681
318,77289186870358433249390029833798936241033195550025246409597491725481341573477
319,9669194309052101624695886074161591245984383475781217202575530269157596815246
320,61744267777338982290439447603780215623447683622272725580477345880665814283336
321,63839382884883200872291810212673850211451280137835910760395593773121754836850
322,109031370785357902590314386172439198934388608137235514367137754363885033175638
323,25911999887399654028310253728514903779236803940864448496836732754997430571140
324,7337499942613542214905327492665999147966091045634340265568770273728111222608
325,71496814978693610102486845477145762420102735042309708575119437145459214223385
326,74591919916510698560045175561593040517173153572068812516358881373026499388637
327,1266190940157953728708675617671981068445245955135603539862874207519917216779
328,16429195215693864773289501039494434261767456210420088478048961124911352272960
329,3423419661127296947747718930812843996162015480720420239641549244983007202355
330,38062874290622655218917270635494810657159565950469131585247246030490003974614
331,5305003968584987807058083089890689135216241552506796812095304953484287505681
332,51119220597173779724056830932749341772889577258022108966665830958799439477747
333,38640046452085439467203154148483864402460726535201947479904068090828508549143
334,2511333367921176929873525727677360754283660927361330893134062594651728151095
335,55543324118987651792522501485850486981755040195570797966406159416004021940167
336,106124624033286906535690713125539729600489885764858132886907566502028203926474
337,64621404064038937205122499971044995240094936076099922296868908681931944492316
338,42318504999619945421808494354352772850720985184664728389962356101845659781766
339,114247520446204785048462731653071631551992082987644261957383591409008974572619
340,67967357875277557954401681279664423381488440026858812472501233013246138218244
341,37222478760760459681840698186503862765016841881528013155907678325350412748019
342,1004078231910407247035192741994662793633611126100389767374868558277468094689
343,27176153254051836549717991197089786987407706776840149744239553207783678245537
344,1311286016034274867860295771103657530717758978075971458388832116657690566432
345,98803631396229185258609880745030907921529509628317804188511761633523795403241
346,48249149164860092508287920738937989609835649599610400711101483766805808697941
347,15621924319146280484265019726659973189185082094832512784940578313400639513873
348,3029867731472805602924114676709383499050541049856808215799858765024066788289
349,51892467251148509568779140460932317127601233389312868133194266960269503198385
350,100835217221712427610115896799689720771110017882054742104277263474661283658470
351,2106858477336986546322059119587741621385789486343354510226333625399473987365
352,69858940320873110188148430205199630568255311892776776779936962648387827257336
353,31473219314652647493143013273625128827582504839954435512851299693474715027363
354,4356494197268299188938822518728540890025230014816294462851331498273026105273
355,24137864397970889605944125977724128327632152512321262723246706827674225094823
356,1646434607288882629157021187260260539477679976491948614272087857190590397746
357,19309529670253261336857478775833845572013810208735019732604857125815395613198
358,44610975996541497058170128125489246466878467193929078511096067713643274165068
359,65853734116106800765651236664313496003246694344291636297226030027756348600154
360,59506126176812140099113422034585523895458022986397902480567600559609426437210
361,52402317737352754549531529426673376216856775094672595671067228148884503282216
362,25957091707898921327005040374052636097764042437446988556371450202319186436576
363,74267992940216279072065965453030854663346560962761791236088041237757772147499
364,81359528168410649619668056653909902437302149488087775305825382724975141216641
365,35407472537069358763231445846010431752879197541058166185122244993913417925351
366,43441999329950523129080509263590415449019068367028455584326720480024200633016
367,3407527612412772351788125047605852096445422944989480686586495032305166504071
368,64417357189402807147500860959707792604059047856820247256927571379049066571944
369,43014300425262217258864028076883406799609505145955751229918631567311204211880
370,109177870334284019507608029882242924433943359372025128955877944234274413826773
371,70147354140080977779950662906371029416396894083714934521316516060632394329567
372,44763943386471021782460857199015900487566579846766504999059337845546868007803
373,103659208797825812606166108254092212311945110879978376428417950513664904706347
374,525821794429467431043007629893721437473947744137180195580466897626667810398
375,100569727084060221504025713790649296020987528586410340350891325367280596988962
376,8542325080909799697821673625557103006814351165111195267087655515271451491381
377,20037745895123926113042295038072994685983324379878333148023875164190862832644
378,15349425724515128789675812095855792949279672216560834252138694818256001665322
379,45574183437953863510045314799474521072794857032066634795054146693243264383936
380,19429777557428216772439713795092962257161560256574773919692796140591422483647
381,25856612062098403943324024511060886275785845540735002808081419194327964196458
382,111432944517157112211488135730117724722727694152569429411106655885175090696620
383,32883465918260041652961487541950102219688628161288946679972076814528379203927
384,25200905911304856114409887036665501915003262419828211068576213871828038995003
385,8641733267553818737205159171373670788655862431513391248011401837106685481821
386,9785547443287438580707393005628136475999229509900597791630034978616487099213
387,17122137777169794951752579512928585986476299481767884655141845134475408208779
388,77511864935822548889819336363319587546559662413874388256702663845855729339972
389,83919055285523159104664259942668143720922601611128634801189750419802707643733
390,32852142411194360492910975821802307621751496883006350362617495165426970724644
391,76534088242367696090370691452892061656284874590313392371952040853610463967417
392,50042393542377925872447148765022033489548581364236224173245423202681921695980
393,69487834352575697653849379798191453625143298260190442431884245805578545406490
394,2179625794705746810064012145292725891748244681324498781101281643839816431630
395,74037042980889768572486976401599471485624860539383175046440615309544562068558
396,27187251044384200862458836285104248389818952849864992719180854427073157263390
397,13173893764626629180480680597288669414146999948618770211199624707948186598249
398,11103086858044358583099456839896469096372055500103961037936093247102140395389
399,6997294376560865715301135590817432131212645478554647598697615144567289113827
400,17559204956178776465123259005796731837555735491475517679918319086890542353044
401,99810700926547880828784495202725250407510722283329335865492103907723146840709
402,83125344267524549714476631720242405385163571041705984069951778328514496839104
403,95181255936823011873225438278305464335890933782770454331583911881574047890944
404,48503731031629015198323280334077048212823671437012699623933155571376670915083
405,75640835148331084023935200065175248112254141292865437549061513895933614752159
406,111408990479083810607262130560976180503586296943617464496941763552965026185032
407,74934974631465214954656856917916681652742314604597169027447232613936988188068
408,104463935492821876364464874343002031340880238227133608737852516203210567145241
409,32593650939890487170967817170788822786746265257432344987187459564198099589790
410,43932773998577396384105905428922105441685819202096259492158991547425549339351
411,37516014228220319681759170814627950481638094047541639166653738119242611319626
412,113416311443053072486676328342274506236106223496253593757081101370864350836545
413,12795411097368891884112517790511311386305322213282605890497052263008461137481
414,58380016352964056145720512606840764409469525225118896659809403240674104096687
415,114185649391246841144403244756485276455261048147552259133794641686238015655907
416,46985306529564576423892789219883623422657509209142259178061522406996867292100
417,79521450376159716071827552854196880804115783887002331420055143337507742220151
418,34625532910149905971012755043607111846176462822704189660155657679956489310088
419,92460743666198487809561189958701622651669740106112908253596971683313211030098
420,99208202139961570521844338001849971030810193894240510899015960282376330081437
421,36444336736191488456127961754438902238987653755073926669387932929946674319387
422,39055661108440568020660498748213576583494052926163708124210230531507471509929
423,58482132098741193935233121892982992627053269523679432067562085113077862104221
424,58489394030849429271253929459066367569829951505440138953443752093114293823971
425,6326842529967106970469454045556767859956497865618425202284691151641911674599
426,70511072204294703886971275123933915030843793371786781242324522530414901099699
427,30280852160280332416877718136630084195243946282750138076199125530976944450236
428,92248793604391391169157152932523158552525921951891016245813465317428705542481
429,20382400151029530950511642053319068401843270269670715345441177531701434594619
430,115270063592397372058563087453636557517499126942089689196731755729287862498098
431,4578027321130045058669059172604643606521915452200119674521192555059290573729
432,69179029888316615494428368654616780383178331146611881204768225774186218941060
433,77317430770920454003068960338898191462426472981503850417530825485299591321633
434,105956686293348809814280998986108910412710104437104063905303805012011655082667
435,43038652808054425267210966471238774294566047589070518158012224788223570018390
436,9663086479350484885204899308987643851798275517029093509962693849789931994649
437,6773002069883625024440178123914400309536331071958308605000630449421475955568
438,11229172931324523467606298351820764911291710416039262001616667947235615721711
439,2279239962662090258559083784880495828487705719840439458188598379702503720229
440,103110693451160209805646483300059523540122418003334637049190811621089716845878
441,20803635625710383967359664060724162076176940865069135557176225663700390664534
442,38969058883622112908086346991823881200446648800597680721731168205791974311183
443,49311611822356383960910140276013219319891366571772967291012082001924787386659
444,24072642039981252713982763251192414190018538543504678031618403685354864292628
445,6365087968886365112887124519720658572314329404230319332610578463864117661083
446,53266699202784181119698729386007515034932997980753611875520851564130425958073
447,88923563064336749249821457141375346214263344294225453829956809366469342581985
448,74597811388524544019724554582843927501559641507840333615414544038744647241703
449,33557078229064309408049701256449444079575202568953922284768056250856991645065
450,59290206648302333435665436061773141005353483744234385166511354037993210044560
451,91652864603809711955320242772470204977345709910464017241593574283240188026208
452,38266702755725024107321542447524012179008450668916017437293204617115892193661
453,97806461971424880293030057734261639137894237640741706467684231162638833259762
454,33005775610459832397228781100451039746955132956475569875340472134125876201793
455,111336136197791204470783640424859878463567878146440396278202494408956328413963
456,81262382286750284209812033316941968656704448771401445606787934395498361038288
457,24070473248226903794697576768241619089927797866346465768972261993696343095197
458,78309551803338244555162301547295091779744853016904336174879382276598419812539
459,30278007896203890356458670570878637729094998503068836613817610644467661763540
460,59751275372122658694468238586498204145933250041643622474743797436127698425486
461,100540972470456503449251857277706214487572782546807499099811709421867856999236
462,98740717172228846854895866922468133571419334801684783199827295745070245187195
463,3107160913206877938697227506391229451112858558115154132991729248474778665758
464,61834825661307971783702346166589748283283644630188506685891281947138007930064
465,78355273264679731178156482312148987929982776714473144239929623409208525430597
466,58995293748199715919377158720323189301811178040340840376545614868159158337638
467,101531308834212858245302149942576191542449362064319852527401609696594533808992
468,13737055770131026591208109665925497839721729219683587400693980912785765716769
469,89892238592806953312740693017540259655149374569224158563798401869696122232606
470,22132910938733301959727057178409906018743020348677966772467223576443696070403
471,2848586700994302237747871569774078942101703496910934687100368659600101916677
472,82679892893023081106676559745699696787821432058775489804478249035006013466765
473,26487559922214813320698516650425941303011384115650093613169112276209383351939
474,68787424641032036499915393294209304119015935879625257512883058259910098959443
475,80215518315194861464147195523637925826541310884202213929621345849524985514028
476,104591501888417733061186773606129672068419643056768787762577047735298533576043
477,49985374071058901165876460003383880537147347291369599598272026339212411482506
478,14498461330880885497338806282945942586079936573987796906433637462528965048498
479,68938235831281845892713402317932300643340504741664101809424401550710855600254
480,100410019124546450722724450952836819433371713160380443664791585955110382821775
481,37005796009191887950729547966710802244212786542350795194394628963571628021640
482,96073388449940313912623369814618187431153380580337661747486387055073924863152
483,32930846960267253047782531621425448036121574711419930628610266114213201333150
484,74261474947597012252120153156171656545171436565424254165363432337947252754294
485,39924830024814602463168812122396088252673533190390521135877111505996498859337
486,60933261482150512660958600714058975697949146856125007599289797351658267587574
487,70154385865644060616636258292392920710142977874872521353281034953844066062425
488,75754318412418631598580538048385311782099919537700963895345454037617087138730
489,103464078149205703290299772058104029932300165340230815464518351183385640143550
490,92187327119996852144926332174959442418942960349194155456368992042574112770260
491,15584071902429655133412911223707381094711545598296738458539221684184153656118
492,16242073556194281276547838428769986645036335001640968284906585043412048415751
493,38917704658816313101152069728424099240455818208287017492219828122052920795038
494,94779265891966213018233587336999367917166648931497638804619785550696760558895
495,77830391510771890865391119274118884720649728549479833224085506479894498591550
496,24304404862029259120774624811548490558453294979304612471785283169974775898821
497,99830109198220839276736289789887873013046386510453597656523936446443384186999
498,109107046412183804141392152620050280359391804523993708243049472956594550391798
499,99165946907962820940661986517658554657935084294635191106487286828140082535287
500,2722360664799549542680047206912158893563671042758100871848750975013372108554
501,7846401341682730757238429199949425559186767427479079560696505744424178857256
502,37663465235028497428246789343197666503776399431061547118079732686495295057131
503,51342569103470856612114009192773357470968007952825006924945218098462477145781
504,84315009911155738752414685914424208158288626778301616176794792347640577527352
505,101875459960798527536104249218733604744052584897628739604280667576611826611258
506,73287610323937943164709073474041827005857953355145709831153685618470036636441
507,74273219542016995000928082291487076128399427494653460604911615398709401284527
508,107050725501284044786311013921186237180648562211399327721609774304246950519756
509,72514223428914964218423426222395927644535322982323181019965294564604118712900
510,42680759863184579167683465760363955739003279486818042069975539081819914798227
511,20088585992149888914643346715701427494956407420855421261657454748000251513822
512,67381145494494987891811860607665108148222677111605448311007027647321110147961
513,25979810828123029384295529757003845834420594804620998209842739177478134316693
514,79677727775526078946810807312727380434972088731490200471810856239858601909732
515,96218396177711641113310931442332612314887418205996213845371415551774394378682
516,32315183844095341194713518801979177083318205903647134057045375794187375710996
517,36426656200037802228060729372709165257122680839202947452062902920245278016188
518,62111861316780783856544719528026685559467466891046206679536680146445285592571
519,5791806296398206975041649130312974407549952826447670047845905837207775485200
520,5070301797590376159628821103333760978713774392580126881675606964747010931473
521,51823820761184189030424925860224638790883754445215799416577353794906235247618
522,76533485955773209188567590546447839942961327156539596760286395383552057051930
523,73232424121681814667462824313740287128656571556381204269590022668261112346608
524,25577200332243357695906336770675793407636821300639389944077461668012810092596
525,88285806845030312640547851979476957412493433309149610111804022519249653813417
526,112064660243731869946748376002102539949054979989686141332334810226512852167081
527,102101596450007864286661575654725482804224162062473772524724434304927438406720
528,85590443957203528868251253285079818882755308922263573408978145125401923511650
529,62024512551594258703308613044691176908856525637212209082583761024792480017726
530,61462580461092319994045146460870246797918713498143940226099915255282068702978
531,62018586074032857312079734957831077149974636673490665008735757575412945098692
532,47466428788432246609292442813125247368621043652618963049029784229124452989393
533,113774440842974734837448653328482900636245299577356463884798006517462486967824
534,42952613311333216394867091751078309436751590351811462042808904519139850432403
535,14831963924910631805653993551650711346275836256423975057737506076110643028607
536,94570500804228269996031333993847983206999399811708882997402531962134275736686
537,98788089853713775754054345917248178550866484513280063447300569496194695145589
538,64198750663712326444379182513001113290991794168201330164311190526446020321548
539,36654380319297525785171161207150217486452681586180775922405959116760389547439
540,60129545322592171689652341400099851706491735280660029949561419200876629137617
541,42472166364614049855132992089040290951029528039485766139928157473549811834250
542,20591218667054021219200006324257455813221527730100242116101181156621810281865
543,11192455106288774974484503510989108616075101007126227370114075976608855277283
544,95596976958570372078512325891024242549483265782528052031730435767622277470717
545,47444196691751867006326996369826133755980784225539613570090208442120296824446
546,50561816614774515486248511049320449908242901327678979273469581246006788665458
547,113465329366006845458158752045789416483646056805253549420250904754589076122507
548,49834454466675375600757098607982386938046049094969659761269028509418901844831
549,2954309976918598536124692916038985317707148771984098902925029987428071141935
550,112455488667772149872566958101247651723700872450090433284043127958160103198272
551,14038484547429310271361654854273086025919575059217502944594999316393051061231
552,92462151359687081703023644733876548671442874845626553376364994298883491645921
553,95918131570370385584085717906656978039531078707466764097718038734127767112027
554,59360489966099810024917531163644787022314279658300485860114001824802646730035
555,65880867138462234184597710964235866357754494485225092380635634519252416170200
556,71201533840871650306456829291569762090682005208534051168712219745722734983396
557,43302228197604872653263891180710435506465201041975048560363303260214231875393
558,100213001855587316635209142344623571559015892289798671789248624929579799313329
559,6077229487141641029660702976107378812430700348745659899698726245595211056732
560,48755997025775394576159849659608502990955127553214353777097835204607022625261
561,2229442422214462632847269448335838557729357292373494519885795701549234100401
562,35702932458307233099585140373399390105415299358779989603585081133856736809737
563,113215799590305126986046559869012760910106215108989292032298559196712540823828
564,44377385722732102090908986455227200376461199984252992201055272687632148023279
565,16020598338907947323709393897082917650904664014534366569537900945586788653234
566,89316160917382962505938889822296632189810454593861929986121514453902964902372
567,68593986923490941977968653284876009666942932206990435828600039045663744080469
568,112402471857646914715347802442321312231420277350917316795068181711739962848356
569,90374726009722311094029514914617260748281232413886180754834955919169633862050
570,3779577268927335622226351563048640699575659851439063317538839321260742138059
571,109719054709522292590971065221049253993034666743740249617466705313717932277122
572,42723764235586992853691743121832065387700722806422924720329169412940472327913
573,41292952048488782811100305892020869635984998219177916364665746192465223970395
574,64300464374788578082999609031584156093496820240770296605488337904592343637351
575,113764918318337231423238420771767208909849779503788160097545636792386383201750
576,110034802005417013542193245299426894753221322525392703579340904459969849270683
577,7475221654593992479716635746702308380447897664847730737144558115358190901118
578,80873053381764056376459313673799388155488253852206551305622126106282730349546
579,40575898014951654001237367275280030386177755271508643911622464652121658121275
580,100413700082529678083189402040349724935999579153146581111199843490572438624454
581,30124483326297693770273250260030162214385058967699335990261465402567271952196
582,29902192069331446203870892563008132587174048218308672519516601204184971535400
583,44665248619245106920395052466598954322026433012737376137026058996899987169578
584,3780689338535933846277259282595270464410197525872167531313021275164052665691
585,88659420227828401256824617320514448695963235136606844750266224443182272690327
586,15205273407993618824806870863328207549163657086741010197777611790498593712617
587,59099675243510140230617687250043932668272179371638869368038251514045532763306
588,76482906213067131398969729296131516694969518065231309602681642517958239550443
589,113937943779107474248073504601597523087001685099641275758138558807054889569164
590,104478526773910102789081369593395098450282188521045177478566860056347264369624
591,43846855881062723296755186460133368405004904928919244294304658584239027320859
592,54827385607837540001836754979200215251399367547278717435737656737486935781099
593,96291827202481191386420781796057423945271967879706402169003036931343425470542
594,102665404956192895950558872562644570236499618523793607728970959239099242858058
595,74029053586140174998924231797900846549669188289704598494816528495883925629107
596,86129124978955891813627446674689218447901917985307660295355757360327413260989
597,114410226749623316462713612410841479314752692135534093286915708075713101109723
598,86613849742464742600683212774426403841442841178926312599436807221233172930437
599,10936388018871673522169503260247188110446116685097584465013074791240312489388
600,18225900044559305651928435685437419496772372303049816184587878230915506539220
601,24767304546951011535896317660944588530564862111999927998315980153696120698586
602,79106191549307821155769230838387633569685190166900571352586386314388735921859
603,68423909173514712202808472449996679079140356848377731521550366206563051902145
604,26924756387265118266308514045530628820915503367366785588036724235285418562887
605,65454150467339986913648718119019308994197182620406695123839553599078241861424
606,111034869551369234217858297659938339666325114348035721317279284417231208885936
607,47002927650146747083992116909246252195734151592041172009446399534203042058585
608,13521413858718647272142721601301068336877299771234980847715534154255549831574
609,14179483704506537202237030520411760821902872191085710620269291577124974832777
610,816802083086736711666278953193142385844697527268078628462275259468200244692
611,68472758387750528059497958060901371246049510676956606105123844459617784108558
612,38870761697892404063384043901406322546264923260989938066917298938431036715171
613,53185374380949834337975071383466165506903661824888131191526068541087965877500
614,113295398429213738736069750221706935480255925923644562154648330825478012154833
615,28001386686584048243641079848612355738620172821824190306546764670399887258172
616,47148379544720782968413293260094332247402468381710547933839765004573997824800
617,60571196754105715998331107627414358944807777088172861095575114670315845217909
618,107748465828395240510775657703382490558735556268079772380684064593966079751645
619,60899641094613194368639337843279144044265395768914105273635907608417798192927
620,37205002100666208718369332698861960272233429271227925168645138361681266249305
621,65445438943157694080572603800434944367672132236438956643675738668447932767815
622,114109521505841555323726372498689485395862957592195528586824804475758702516109
623,114184167575626803140048217954880726174382233365312625370363342551164206641149
624,12318812098772548607329049451515422639380465397594137615314705780801653484302
625,78451979980693902275811652596155068001702965174376293325179416970654573298250
626,61367359942837064090333014712971328732959833187127277219589252310161109069957
627,69750395619720192662083035398242564377985845148862081882250743674798757222892
628,46932884189259597130667991275129109161669845458794187520070988194059432810697
629,12131901139579569610090091355410764381681586690724498015608404305548158886844
630,15180855284096893175734997898802201233808146167975543327690898930223944794709
631,55864028644280359905635840523637493500782884418797101331188219260533007303159
632,27047027749102074026234845408667195892374713774717896798096436454498480467279
633,82634915542428040574033947861682677001958195061012232929025141585955130660846
634,50938090958721457734286143477938542283581873250928497417116619915065972376798
635,17230459409827369839561291815959716863084493592879166158036317007546803890541
636,1243864739638668441099160005075315202000644979061735888666500474476309793822
637,85779569324903987397494483293791616240729748237880959973189750176263451925668
638,110755140053576404552854295700878804591794464789936238921138841653303089568787
639,20349295874019207903098309477760691562761253075882801974002242776281587888768
640,28544682550368786816574770958289992101909012874539703252384736806037536503194
641,31370168615826831117411468888065948160906527922136476806771349266385590992964
642,47487230524540044706836282674720305396401362883562445745736401424884390855471
643,44733801767555548568179736647471223403390398204972934123860844627166046627997
644,61466919546014484141351922746136516068409991584948848299767776889471331548484
645,27200670567984577124696617951304103222351702476096327482915940862106573591423
646,107218499977780459495068908131123903595622664584540425846177436148543018274145
647,60942094110152681383701173348694515684880313953905785508013881786051296740570
648,90650139848894704305873631369923071973277565539966042760234626301414807736188
649,38221619502978927907261978159390301672163742020239020040169573717469241283417
650,14745510056520024980067743976321196742406257609529345082066538557143436132211
651,105695019890951042815036567307002874966632678755283714725889811234157567911514
652,59668115344772865602432040748612115256775876499622336791116959911362340760655
653,43002493652918814329840654206971258962837910610092058297996927838679889533021
654,66332098773886621552053553289632430617735591589696257780488144895670565217397
655,72109829202730520566037107497916191413263969573017189022097193247076796090128
656,96870007749978565025358947173911018409801118688770326443699833923521071386472
657,16619949777463897636538664728393005594370661492782716553885858407306695855161
658,87830149052039688798743912904349922498080901240114489068413106400474090600852
659,41654819025143030383853424784597345148187053536056941398952754116938033726717
660,114263005944997762039009013339679344591020486470146615608082304073946733010873
661,22354256573945145528688503869963137468780212693982937373079188412064001356451
662,58776814712396152971589436398905136036383242991835989069006332907092431467325
663,34170192049176788373000896167604515442646473685004327623976729688617055095483
664,4485647655202595937142463001565750528846184831571767702738105811174903452328
665,70067753891350720960634327980103915444428034847185824735727464084749440068297
666,90416787041153807309657713097225715986316781315960387806162892594916850523675
667,63022233319056245208014801893836756104646627826966657169377050139029962724958
668,50434705855670567045796886721673492505619842838301143270347165863959880306339
669,86479917486313483672380242485491558672565895480708902344772635183676956123680
670,10484625527114929010487508890421081266552527664471455425277270420109074777726
671,337000948368003378960552302374788041021245506275429725709534354523430864746
672,8569946342935845470987938785961279259035208589528110530185201994206060999297
673,110488747964576955957581287514041849033076300338372207693788758240890937903458
674,64661653702061574870729590057151804029071616988532951856272648044072948963348
675,74293314013920904924345498846250906203898088478227285125880105464884522095793
676,45165925452162981171706821344465959168598277776721726217959899752243231526369
677,17870460139871323491930184316422443989778417234350744067496756549924618665567
678,93512572999945961857033013144104130264254718758102499006337837941675180867012
679,23920772886406091636824022910937969464856639806295176156627111870252866959901
680,74530351034877497414985092223408690701240676132162417172786909992001772431964
681,12915295351177093030547695112353184030940468527676539546828333999343047692049
682,106796170684460343395606740043515470346373189936087688866810536084651521571207
683,3503389711683604092747489484798684120784860872362567922976558823079435287768
684,7565669289334564322161644776228734022148029332595567326915591869784619063036
685,84857350716189772791725637196850017045555360893217838879552659888759107672935
686,10020367792650641324306153515077595323426901416210983045819202964151947086962
687,87761849609236828654040245306229842248279300353054739422926107474730982490324
688,12841317253440281769111955161454902048862368273598749127084388409440189368878
689,114123697665878057075497149575444777925944762226301625846400123173402738027419
690,111297648773453604484846815092519368832731824289787634803616679517663599212168
691,58175895491382453001886568495541326650057471736685054646673901859619000522583
692,34721814839098477596742939083515232844943512738473176678381303302072110879305
693,63097136362943536642105109543718221508066559947478898253141730651168006256152
694,75427820636193004056165026068598942897579057593151234848293400341010024845964
695,8129063970748578069832580497819407018056941838455749276375518252499038288525
696,46814202393022528527755122183776469500661533981116240693561174448009780514132
697,96996809544336506135109763504910084826815972915743184607024027438015202412128
698,103478338157223389048007352309260245145445369634991896850829465147498244821324
699,91207917110418017859392396911075426902351830118465479531983193243357305449461
700,69624928492912355297431426048774109022874020230342684374942338068497181746068
701,18562575132165523272826223166741988026664621933644406487918381177899778638785
702,32564385248388155792586267433678316135176627905960310131048308487643264062880
703,53653017402512386690229378059257126326668045337931221790137732022685678930522
704,103532443021654315755839312158956897466524373592559791648905261963161434448550
705,85749405030440997386983678207670433602934448261228515659528755922456976171717
706,24038469618839497536575964402828631240109439804280550471298758333713704799109
707,41331757673982780954788322384068991991443970894651940844468634620759226677367
708,10415110847623233024524776051652877388266374095656719776675753289534770345800
709,66387491018138804363296867045168866842395982068129694970694040153007322216020
710,35623682475876041479482339234704922212895527527496704985058117989292692158486
711,16555071016410053546405330362071814561107726102423010021714146220115607558129
712,70125883670370446696633431288896025805250543263969999204813571322854470659788
713,29387683021292846889957026150774786184761222397558274579275870293821268249320
714,89748312221784821783981131657023380217522170411011529066809473525202293445961
715,24324375709087520847268564172467584262548892316683212222084028902635689136393
716,20807626951310022582914832249778725387046233075954872363612587462879679759468
717,96439211197164472828644035722960625974308826015304220709169969232031071456565
718,48876649743007411663476939349276390914429296588990689727392436169931701033795
719,1136939160415113887259517395457162252935003416640841929796800215443000720451
720,97772937371521524259865569041795018122239478617611420812146363529420869908547
721,52860568429169072803854783880102739006491098201026570160224087096980489730384
722,6663146764764937182297906696024652634412998039393442414162205438530561438294
723,3569752916109246789389481561108606362953195758197015213854138691244095802732
724,47391744817169370254997067107111493104788715174733671051803306159802239282985
725,41723322164645118269175597413831434114308955162673467917089919951735493671452
726,71373387606621390505427974000950127268297622694641153956504919224701109091618
727,22115183925742970502586780701670789075686871919800240004559215843579511652869
728,56195564753226084523311018979534366926206888672928695920521112543115897831363
729,36451081166644874421366670576316611804416690731369533132763950104390295285613
730,43917076574943255054864971654994103206849702078965689459377541967150701215437
731,109599472435788951400928934814396178482349133714717048743503294232221029053873
732,58742347922022884026245998012016146024098344838666815876539083306574269587383
733,24630523776471250625724119967839871607475696626827523679084682409888499808127
734,88034051153689424163375705258471400578319609349087195844588511564746013168292
735,11878217078814844482053223335160218846166514572174651231145617339297895380787
736,19711456235603066433352753760732302603003277334333835358318854629824792212254
737,85285180679258390495725224237183326619736635190362392860427576336131660036085
738,7304398866872888416744148039660757273368261872024745784105282064011120001081
739,29213312626159606875772088945140612639807493285764320839093205160030870299442
740,15955338780201943359218503116950602963078465183803162974866707232813515221214
741,53357354315788567696723742869116127672311962917835496426828861959325694568854
742,92605429696810893581005283191856998581239915685720471447770862798337332605985
743,6313444385941158399929849951152254261725239879426216754904419570446371236682
744,72991429902650286574847401171746744574962951545576456925729959368778962209016
745,30202499503637893794567382122147812054347146669210475100947542734459851081333
746,42371452894008008936022094500660170264618616415040425267249658920058553389346
747,50462295294044744943993533238954887073241912919384732952111684938108038777490
748,5607190686822795995063951239529469628679430938862923964649381705561289443743
749,44054255813809524982477274338358732932733554005867616384231648771572708974498
750,45599823959148142868702049888810751039030381702473313712449403666008548357584
751,95765014443709460283906078528848129198953432674136912613374111907269366952513
752,63099330683629986801176974001812522376421075159946851449740041208111375165432
753,76354119432120397588215193727469949554779348837122512421516087887947845789495
754,29219988095071123073881584297796426614349293608338856069828544402112479931258
755,60913023934424197271115107103598595014192875604975033525367503328839902771154
756,75961561030590737024009895386534158025716387255034991303852340131842219517377
757,82653157383340834243268576775758844709491709370571421459004906637605697873376
758,109152525480499303157171707176057727853927708885644487475450828046633988951214
759,83861595512981977658221194222832016846567280615754676609488744321851544172612
760,79516684489333384878303753773966591370968690063421761163860537903995920601118
761,90252990096585005155234642263289741929930841196786753517381638473329290374341
762,70299448639034179259994082753842441303967702014421364088905886243441791312048
763,101019011774931244169233569024119693651447610085783342577076034657018818685062
764,77313782858173195503548160599237513575303518548168644753048448054201022134387
765,75282507118504644475516587753771501976191076464789778092526248598345925865741
766,1869646093065604576918262992171293700005696766789120045358383034890250879597
767,8175510827476478670841840736516337964884591104373502679780308751859945630295
768,112046972195419363276011362319440091737739696390959990092325970861682025809340
769,79445302786328667837061130612344209184068618282724627899754355641589374486845
770,91390029824761644048891709539501722023506149023703972676044554199509976130918
771,7117855367262072166522600320918718208035652030179339478364204371935522880629
772,65770718272739387773768810891772876582006867253028189286933085783684549478919
773,94700299009679411772026494401216522443841735671178475661962574484423707021020
774,3899219555246677337226788629346629095476202840431104512474290520655855827366
775,37994973012665563564878331044432988356807381871020363112745205625004806923631
776,27899811141060507854864184451483992184812910809535836702591601434483601266363
777,106280473150135540076843092030953283574668749129463358798579314126379922923346
778,66605049612181201766335961285016657656137630630517909808361947954299910858263
779,61353153918740571346658728909671131517358698673898247609251706360057710087607
780,6544867180705509091894005983518852788827554699794479364962607599857348077268
781,18356403069740639267685930534750214086393115210083476498105451427715646928060
782,27886025758080067662098791908300124213030632192711589019015102269063866039086
783,38957047335382400780464194692734714060991173797593388829934964589150712476995
784,115369008106977156725517317464931709183486599884100556939201013872878307174396
785,71473633619705112977903754189292688778690375874160452415894356671639496047839
786,61414874816009586487147898827265052677700154945738114408752094565506894305215
787,113998941162594277548679647676994668075488824210214855588806060466465904631185
788,58971147571964247461998243254803877428441178407542090290023763596930991059371
789,24272748321821614276171382709779597061336216536423886276350341167329307320961
790,11953801149408828489313900994884204964017546040934334891307900837788230091296
791,5003295008255238812510259063702054341622957593901732319481600361155061928232
792,52558706566641593454554413455315124941574373526542472412155364189265989156346
793,16180019636600687529990783657121022827219447634859019310810566490158947160976
794,37322778747236919630718914979059659150991237203055663003790218693749842427390
795,86933328044359266997260893277516678813904416960660925410179223616811170125963
796,51680413637638958432157919873770049859734904940454863133834126522587354175198
797,112025078998332897346032234190929373778786906416255136611876041360854916076835
798,34994821163348819539780927112558787808941598886861036485859533977330499950358
799,93181448601299655372986756098284380588502052415545968627606511454630297552775
800,11811314609684764271191505966273498364420116936073180406724521072346037564974
801,4240562145404485616716389661005801360964619353371257718504993362555262744528
802,32339120667152728522290292124031565564808052532475722311084600547033460385133
803,71918480489125583686666001879971157042563855142005757671550070272360377473109
804,99867912982374311035836460192911261936709475897703108199648973840013063647989
805,94885958333581225729964441354739348024240237336109200045866225245768317846095
806,108917017480835848623472697210295761087356352793074262009724856987116232094441
807,114393506945681420869734257335462999244005599154372251393333759528698957265603
808,97321593024026031165360069845956855203345759442756887570287120881221892903411
809,4987498683160147149120296560378578535518444231311705565479605542910662049251
810,42301398979439752325601222555708835006746203246477412507121086479317280748675
811,85344489667402616159724761656552148590491019547548247024279924565464956170775
812,22270358789598998987510263894165443665354548384953520879516050122677751918830
813,32336048172020559262768346611548319738403460001076586803025343295110664263430
814,53702247969416227138206133064630067486316013140114266650292952983413651776117
815,68232428010325978562278677381370504278171748126394620716883909914948956320321
816,68177612241804735022906437488899696685033039555898216140637805385296289725311
817,55712455734893044097311514375439227859813891880734644877689887053130190412370
818,19586667889664281788993954979528601295596956604669901525775892639832568479705
819,85189145758789633655362822728610632719315498419368220328558293941193086892586
820,107528269730645653588802549934963470924998191207943146354009459176104549401481
821,79303405004749843813896855640515127251121438247882512727708901245536369243886
822,110169761579350801590328969223063843719475976269296119664615978325963168902729
823,55416593230945132310663959968216984481500096528762262855982709190452473320687
824,55456219424271597587117286349300963715280089173326954827676712656654141160917
825,7641446483607113010778272344223472908669465974379775290975504052818131938254
826,111417807835158582816377306038476569915993976495954987480987209801904389272575
827,77385790862330432855865043573766149832189681285097837218535393729756980158715
828,30676470432714053648233854812710353711087729307134289743242010287251556195295
829,76002257559019762729494847230055492093331148849039239458297913003331128742806
830,7437359094118473956047156115042182940694500834714076645559863344237706090532
831,14754428732420936981627210278075422602564915314821299369447403540947636718120
832,66835333932292622663592198730557910861964037515601309604874009431134324871757
833,8607312773616008708341622887443879247293942646354490201651447880485775120228
834,41705180250766989803661743642910336007269728303649167859000111326676778578783
835,74940976865764282330752561934542127847573746532077648479140721990447795495918
836,23484035977082619283674452334340780152938324564993817499502926000327856997856
837,36231506879611205315020489698157132036111859554820770248489037257481468438027
838,93610232270996131974702573914564663166754912128036779563105683251778130443864
839,57554891246159711842746803307662419801721473205721098964941565585025917440767
840,114462525276072334421709636416252435038340227103660419369970613610642306743600
841,51178322760500565556459589909234299975230170086420498546168131442589288730006
842,78059217939641787603857947910774030620513494507784889638255247912031439591899
843,38857681104750101289637712009753220905515684187726097866277998923701517785127
844,99316803783194154567552330870306280717613771086713293526978209579283758781436
845,27684623207793769656979412564570610552223346079575821858724727866195819044456
846,49172821808214010591988128476867985199000399630456506367134713619725874742929
847,11715173495996085502832572993499362067509874247118564514985941039966668966200
848,100543395688975892910241686927045399598308607851088506633468611639660653748145
849,8554022967977230081693653961670676413085666844468231060271095425537673068897
850,57889200860002192770098093516402424667935455063102031540776407802924530894505
851,50651409880229083329657813364664987703977128650462308787894283330414733357620
852,66318606064483752357093789010764309082668067048450148311731355325716239164927
853,57797282984632986687987921326781696195542631873557164447047798897353045698157
854,108915038321389690902783969217025275066392343228744891829626418241053284923304
855,21979553334500056609203436284432795989105961813903230543699863643218668888734
856,87204912410923110962575424658055332478055342395383595021447070512667259210890
857,15742298979876522727180046365654791712637429100655292197779232592495462605098
858,64352918449172189573533914668077436567681606777148588441019501060792187907962
859,8476959060398041433346505251369732481710352298760476583168527161631276090677
860,1345655053483584713323671610060793761808189727269555276448889602962329942135
861,106315804186346283805503388616000994741376806031051136699711149167107587786796
862,107928422185394576697716516029525724088480209828856871189717585444910774395628
863,89637291372834042898262322924299263185861138461474712445304980885755117027864
864,64949029534222217494367479555974355346516981267559189157873647865122767268455
865,63063794600097526128059361039460892379514191943779873933660209659047462810400
866,58241653358228013509487646371731136204629041543601861103866064445542783239827
867,56225037404203627890376111082141120140080932492942286170235136282376816497802
868,95392661059089424145578343135931079017339673440133266960682528880461288691475
869,41380099768836111771516331290127886034905932684281888980613915604766953244825
870,62691287158554287743081293436741325756001434567027678000325333868515789174409
871,2797474203838589996837820918697951254907561392197040768463039599369603235252
872,81988237277275454349884458217144348217617462594436282700041409973950510308120
873,32103294767415728247530668558712712292349656745359094279008574524909717067541
874,27794805699100353749534118694514012478958890985587447102773150070005664315693
875,89669237312036094829882026377071642467836875326094390491356344636337826501444
876,75639996436752765771886636446346774364593100012447996031480207541755765050764
877,22111076002738983429834776260070353528607433459091889698175289452054295308991
878,109264287726471357954912166197890150275631855816315336891334613539081555592505
879,36001185604117850301774876208012205570646737149370070457788137852865357504039
880,37513384004176915884646927428322054489171399418295834964571079172536658732006
881,18109155012502857733886404897239933949670885473918176692555212519241798523039
882,13520825936533234365996348914942154179906788490553451387974248148989617789497
883,21862750549039176762539213869812596505801177293901733340772709178838033072853
884,110497677045788128021708217318101015208856122485334114732364173938325644748334
885,27064825185869919801405848289791840937507330544959243511297249792496882853045
886,26735101414955664522633306799248202914288830411584761378624692149333325104
887,86072281003689698893641085098620299250327968049428548903928985562760222032997
888,42783407231052966381790965121748630618449071795084251816804592280716785949265
889,76062373932404225344773587778524329712310392756726407061443041349469308247424
890,104457033125672668023265377251342680110178209907232736485649872736855928273942
891,97583647569217011296759531289084608016962466165599425813684298535744088416985
